dataset_id,file,samples,dimensions,classes,paper_role,source_in_research_project,source_sha256,export_sha256
interleaved_moons,interleaved_moons.mat,600,2,2,main,+data/generate_synthetic.m,4d01dbbf27124dae2e0c8a30f6c8433ee45ae8621a3a87cef091c2988ba96766,493c231575095847d1fc5856a6c1b337f9dfafb987894b9a94ef457a465ee4fa
circle_with_blob,circle_with_blob.mat,600,2,2,main,+data/generate_synthetic.m,4d01dbbf27124dae2e0c8a30f6c8433ee45ae8621a3a87cef091c2988ba96766,d4b01ca8b0d1d7d311c3035e8db928f6c0bfb672583adca58a53bf4462626f2d
swiss_roll,swiss_roll.mat,600,2,2,main,+data/generate_synthetic.m,4d01dbbf27124dae2e0c8a30f6c8433ee45ae8621a3a87cef091c2988ba96766,7f8c9b6b9594883c95d0463acdc934b95a30ca43b645c746cf03a05ff6e4262d
concentric_circles,concentric_circles.mat,600,2,3,main,+data/generate_synthetic.m,4d01dbbf27124dae2e0c8a30f6c8433ee45ae8621a3a87cef091c2988ba96766,400781f378c44111436fc8271701b3313b4c2de018e88c587faa13bc49cc2f4d
aggregation,aggregation.mat,788,2,7,main,data/Databases/numberical_datasets/data/aggregation.txt,3f8399732d3a71b726456ed31c4077c968961335ee24e2f585e258ba22a3c6f6,99cb9ea12902bfad190b36dc0c1711e231ffef828cb76a0b77f324590c0d2f8a
ds850,ds850.mat,850,2,5,main,data/Databases/numberical_datasets/data/DS-850.txt,b733f7afabd5adaf65351078fe2783f73898ec4ee997df77005d60c0d3bfe766,c5bcddb5b84c885463e7455c34c3006c8f72caa36daca67a2a1a0254e9630362
ds577,ds577.mat,577,2,3,main,data/Databases/numberical_datasets/data/DS-577.txt,0f8bfffe154c4a9cb09843354e0aabe7939502762d04db05356953f6511cac29,49e0091e2d3c2c472266c480c047d1f2cbb9634c36fba83d9ad8df1aaa0e1da4
blobs,blobs.mat,300,2,3,main,data/Databases/numberical_datasets/data/blobs.txt,5aaeb1272dfa78eb8d9d444267e03489805c85e3777a6e2b4bcfb316fddff8b3,d15215a8dbf226c0a906948abad01da00ae5ac85c28918d1508d922ea1a6f213
zoo,zoo.mat,101,16,7,main,data/Databases/numberical_datasets/data/zoo.txt,5ead164890883aff8ed4e23b41d200ae354a4dace65f2b4ba53935759a56def9,403e824e49c9889e756d1b0aa2bed721e5e646db2c3da25305b3b011afa7f0df
3mc,3mc.mat,400,2,3,main,data/Databases/numberical_datasets/data/3MC.txt,36a8150d8c13dc75430c6ef331e304f035b0775d851fcfca2205564c5a4236ca,03691df7b6cf33aa7ebeba575ee680249b8125750089f822cf4b55b6c0e38979
atom,atom.mat,800,3,2,main,data/Databases/numberical_datasets/data/atom.txt,6649e4c675880fe5bd4e8ea464f0cce2e2355f73a877aac74f2c20d4d9584a96,ff499c18ae4b0cebc72757a265299422e8754ccd42755f3b388b6aaa13147dd5
iris,iris.mat,150,4,3,main,data/Databases/numberical_datasets/data/iris.txt,4d3b5c6258766b005dd0f2211e9df0cbee328e1c2d0c3a281642598e19cdaec5,0cd72e653f9c7d8852954d0147949a11b0a2c9b5723a4cff196a1b7f7eec9c82
2dnormals,2dnormals.mat,1000,2,2,convergence,data/Databases/numberical_datasets/data/2dnormals.xlsx,7df5e721131dd5d452a49f7e1e19fc8d3e821666e004b8dfbc9470f57a1014be,318d685adbae1bb42efdf781522b6e70977d4f91c5cb6af2ce6086cbc10e908a
banana,banana.mat,5300,2,2,convergence,data/Databases/numberical_datasets/data/banana.xlsx,294eded8f1b74659c7d38c49442374af03d803f32c6c8873016f9a0f9856f6e1,1a7520e7b58704c936cf71f07c06f10c436d90da6695ae1b02c05f9fe1adc96f
glass,glass.mat,214,9,6,convergence,data/Databases/numberical_datasets/data/glass.xlsx,7501aaebe91488fe8a3505aaee468294940109d0f3ac6154ab7311cc48efcd2f,3143f359396a5997d31422cb79a77785c173a5384c01c34a5577b2aeb82b9d33
seeds,seeds.mat,210,7,3,convergence,data/Databases/numberical_datasets/data/seeds.xlsx,0da1bccd14f2edc47f9b9d049329f62143af37e943550aeda092983c46e31362,ecf94b06f3ef769a3cad1fe05678fb62618afefda836a5b919c654fd68d3ae38
coil20,coil20.mat,1440,1024,20,main,data/Databases/Benchmark_datasets/data/COIL20.mat,2f3dc233c30c5804c63a847c8e6c7b995781adb0a631946c4d826f3bc2088a5c,c8893882aa5356ae1d15d7a459dd30a365a685e45920878988aa99495c51e6da
yale,yale.mat,165,1024,15,main,data/Databases/Benchmark_datasets/data/Yale.mat,d11ce269fbaa5ac0c5c66c65af880c9ab9ec6bf7379b1d5ef34fbbd87dd19acc,fdbdb8652c81ac0db498c605dedcab99b828ee60cfa5d83af8b2bc9b31fb3cf4
jaffe,jaffe.mat,213,676,10,main,data/Databases/Benchmark_datasets/data/jaffe.mat,0589d38046a084abc522fb5bf3fa170f7f4f7ca7e3c436c0ac910b580618c8ee,5f34a0bd2541d9549bb25cd98e69dcecc4e957283e4e094439bd295225f31ca7
usps,usps.mat,2007,256,10,main,data/Databases/Benchmark_datasets/data/USPS.mat,eebba0d9d4c9a5ee4632c31e77b8ebdc9cae7aefb271cf93d1570d575da68b95,df817a520195f34a2718096e1d1636b7715bded7fc7b5ca67103b84db3e8eee8
orl,orl.mat,400,1024,40,ablation and sensitivity,data/Databases/Benchmark_datasets/data/ORL.mat,c30cb53be2cab2da293eaeb35c1a7c16cad513fa14d0400ad5ed51f03e1ce7c8,49af02b5970996293f9635ce5c773f9c0e207ffb3c2f2e33daa64faba8845685
mnist_small,mnist_small.mat,1000,784,10,ablation and runtime,data/Databases/Benchmark_datasets/data/MNIST_small.mat,ac5c22044830cad54d0355178da32e4e2bcc9e4505ba0385145b8652f90a3c33,d307ad12f976707c5779e8fdd282a58181090d11b8f6246a573ddd29067d5ec0
